{
    "whisper_minutes": 0.20000000000000004,
    "chatgpt_tokens": 99352,
    "deepl_character": 544,
    "google_tts_character": 12326,
    "whisper_cost": 0.0012000000000000003,
    "chatgpt_cost": 0.19870400000000002,
    "deepl_percentage_used": 0.001088,
    "google_tts_percentage_used": 0.012326,
    "google_tts_cost": 0.0,
    "elevenlabs_tts_character": 5602,
    "elevenlabs_tts_percentage_used": 0.5602,
    "elevenlabs_tts_limit": 10000
}